Individual,Group,pfoA,Day,Mucispirillum,Bacteroides,Prevotella,Fusobacterium,Hyphomicrobium,Paracoccus,Burkholderia,Neisseria,Desulfovibrio,Acinetobacter,Pseudomonas,Actinomyces,Bacillus,Planococcus,Jeotgalicoccus,Enterococcus,Lactobacillus,Streptococcus,Candidatus Arthromitus,Clostridium,Blautia,Coprococcus,Dorea,Dehalobacterium,Peptostreptococcus,Anaerotruncus,Oscillospira,Ruminococcus,Allobaculum,Coprobacillus,Anaeroplasma,Methanomethylovorans
G1AD0,Control,Control,Day 0,0.012838619,2.099114135,0.489472333,0,0,0,0,0,0.775131596,0,0,0,0,0,0,0,88.18285402,0.016048273,6.680093722,0.014443446,0.78476056,0.031294133,0.003209655,0.102708949,0,0,0.492681987,0.089067916,0.154063423,0.067402747,0.004814482,0
G1AD2,Control,Control,Day 2,0.173075227,4.807522709,0.447570332,0,0,0,0,0,0.763956257,0,0,0,0.304259635,0,0,0,83.17973366,0.045197989,1.320663198,0.046300379,5.247376312,0.135593968,0.058426669,0.221580386,0,0,2.711879354,0.347252844,0.048505159,0.115750948,0.02535497,0
G1AD6,Control,Control,Day 6,0.001890192,0.902881913,0.047884875,0,0,0,0,0,0.185868921,0,0,0,5.794069836,0,1.930516527,0,89.25362602,0,0.400720793,0.015121539,1.038975768,0.015751604,0.024572501,0.020162052,0,0,0.227453155,0.071827312,0.039063977,0.029613015,0,0
G1BD0,Control,Control,Day 0,0.121216978,4.317728734,2.369240941,0.002003586,0,0,0,0,1.135031707,0,0,0,0.022039451,0,0.002003586,0,85.57718316,0.002003586,0.121216978,0.221396299,1.865338957,0.277496719,0.083148836,0.254455475,0,0.005008966,2.358221216,0.773384358,0.020035864,0.097173941,0.37467066,0
G1BD2,Control,Control,Day 2,0.031962011,4.113967399,0.582621798,0,0,0,0,0,1.632802155,0,0,0,0.11871604,0,0,0,87.96949911,0,0.061184421,0.124195242,2.114971919,0.079448427,0.191772065,0.148851651,0,0.004566002,1.699465778,0.52874298,0.031962011,0.05753162,0.507739373,0
G1BD6,Control,Control,Day 6,0,1.176243733,1.417277285,0,0,0,0,0,0.433860393,0,0,0,2.607983031,0,0.27959892,0,87.48553799,0,0.318164288,0.154261473,1.031623602,0.159082144,0.024103355,0.13979946,0,0,2.318742769,0.689355958,0.130158118,0.978596221,0.655611261,0
G1CD0,Control,Control,Day 0,0.211740042,6.57966457,0.555555556,0,0,0,0,0,7.056603774,0,0,0.003144654,0.025157233,0,0.002096436,0,69.35220126,0,0.213836478,0.100628931,8.850104822,0.097484277,0.190775681,0.488469602,0,0.007337526,4.323899371,0.957023061,0.432914046,0.551362683,0,0
G1CD2,Control,Control,Day 2,0.168575615,15.13399398,0.258377578,0,0,0,0,0,15.14502229,0,0,0,2.465615301,0,0,0.003150946,41.64920517,0,0.748349692,0.367085217,12.29971799,0.179603926,0.307217242,0.313519134,0,0,7.915176532,2.274983064,0.075622706,0.694783609,0,0
G1CD6,Control,Control,Day 6,0.014795346,3.258457281,0.087031444,0,0,0,0,0,6.196638846,0,0,0,1.208866764,0,0.433416593,0,78.4240346,0.001740629,0.140120626,0.058311068,4.665755738,0.10965962,0.178414461,0.395122758,0,0,3.190572754,1.27675129,0.167970688,0.192339492,0,0
G1DD0,Control,Control,Day 0,0.185042845,2.751444758,0.839809833,0,0,0,0,0,0.607794574,0,0,0,0.008540439,0,0,0,85.5396134,0.039855382,1.123067726,0.015657471,4.240327953,0.038431975,0.106755487,0.240555698,0,0.005693626,1.776411308,1.004924986,0.92236741,0.553705127,0,0
G1DD2,Control,Control,Day 2,0.179420345,3.769946386,0.384270345,0,0,0,0,0,3.635027937,0,0,0,1.239695692,0,0.001412759,0,80.74692548,0.007770172,0.505767587,0.001412759,6.640671908,0.021191379,0.104544138,0.233811552,0,0.002119138,1.460086037,0.880855002,0.04097,0.14410138,0,0
G1DD6,Control,Control,Day 6,0,7.591973244,0.655757286,0,0,0,0,0,2.017439083,0,0,0,3.606067845,0,1.434543717,0,80.4491161,0.003583373,0.298614429,0.007166746,2.502388915,0.023889154,0.047778309,0.121834687,0,0,0.641423794,0.234113712,0.225752508,0.138557095,0,0
G1ED0,Control,Control,Day 0,0,0.613078459,0.018901883,0,0,0,0,0,0.460219755,0,0,0,0.018080062,0,0.002465463,0,92.21406793,0,2.522168621,0,2.630648992,0.001643642,0.012327315,0.042734692,0,0,0.489805311,0.04109105,0.742104355,0.19066247,0,0
G1ED2,Control,Control,Day 2,0.354309287,14.34319916,0.434028876,0,0,0,0,0,3.130575626,0,0,0,0.211320182,0,0,0.006326952,57.89540284,0.013919293,3.832867248,0,5.866349475,0.406190289,0.103762005,0.795930505,0,0.002530781,9.52332747,2.57506928,0.08098498,0.423905754,0,0
G1ED6,Control,Control,Day 6,0,8.318976396,0.12729208,0,0,0,0,0,2.296744176,0,0,0,2.081664454,0,0.193132812,0.007681419,73.36852155,0.005486728,2.10470871,0.182159357,4.721877778,0.109734552,0.126194735,0.735221499,0,0,3.982266896,1.340956227,0.008778764,0.288601872,0,0
G2AD0,ABX,ABX,Day 0,0,0.207226882,0,0,0,0,0,0,0,0,0,0,0.007445277,0,0,61.87273539,33.11162952,0,0.003722639,0,0.064525736,0,0,0,0,0,0.002481759,0.007445277,2.584752072,2.13803544,0,0
G2AD6,ABX,ABX,Day 6,0,24.94782933,0,0,0,0,0,0,0.020495621,0,0,0,0.376374138,0,0.009316192,0.333519657,54.89845351,0.004658096,0.01117943,0.44065586,2.642071921,0.097820011,0.014905906,0.3307248,0,0,2.63182411,1.557667226,11.34805292,0.304639463,0.029811813,0
G2BD0,ABX,ABX,Day 0,0,0.397618497,0,0,0,0,0,0,0.004207603,0,0,0,0,0,0,69.33604022,24.77541918,0,0.396566596,0.003155702,0.030505123,0,0.005259504,0,0,0,0.034712726,0.596427745,3.011591947,1.408495151,0,0
G2BD2,ABX,ABX,Day 2,0,50.52520514,0,0,0,0,0,0,0.003360238,0,0,0,0.002016143,0,0,7.123031741,6.571280721,0.011424808,0.050403565,0.003360238,2.119637901,0,0,0,0,0,0.488578552,4.376373497,28.62855261,0.096774844,0,0
G2BD6,ABX,ABX,Day 6,0,33.82394793,0,0,0,0,0,0,0.19191617,0,0,0,0.467020337,0,0.005837754,0.356832726,52.33181795,0,0.015324105,0.44439904,2.76563606,0.186078416,0.005108035,0.120403681,0,0,3.056794051,1.125227125,3.680704033,1.085092565,0.337860025,0
G2CD0,ABX,ABX,Day 0,0,6.410996429,0,0,0,0,0,0,0.00391332,0,0,0,0.00293499,0,0,57.39177224,19.92760358,0,0.264149097,0,0.05185149,0,0.01760994,0,0,0,0.04402485,0.01467495,15.7951377,0.075331409,0,0
G2CD2,ABX,ABX,Day 2,0,54.019143,0,0,0,0,0,0,0.001477083,0,0,0,0.030280203,0,0,14.82178993,8.411988006,0.001477083,0,0.004431249,4.529475192,0,0.003692708,0,0,0,0.211961419,0.013293748,17.61569253,0.335297854,0,0
G2CD6,ABX,ABX,Day 6,0,31.04604203,0.003064157,0,0,0,0,0,0.012869461,0,0,0,0.105407012,0,0.001838494,0.035544225,33.20688577,0,0.007966809,0.004902652,1.408286707,0.001838494,0.001225663,0,0,0,1.615423742,0.864092366,31.33591131,0.09192472,0.256776384,0
G2DD0,ABX,ABX,Day 0,0,0.152700277,0,0,0,0,0,0,0.004061178,0,0,0,0,0,0.015432475,65.75615065,26.33998554,0,0.014620239,0,0,0,0.218491354,0,0,0,0.049546366,0.004873413,6.281017244,1.163121259,0,0
G2DD6,ABX,ABX,Day 6,0,20.99816082,0,0.002419979,0,0.00161332,0,0.009679917,0,0,0,0,1.714152039,0,0.003226639,0.471895973,51.86661074,0.00161332,0.027426433,0.181498451,0.304917398,0.029846412,0.004839959,0.017746515,0,0,0.48399587,0.130678885,23.32537429,0.202471606,0.22183144,0
G2ED0,ABX,ABX,Day 0,0,0.20386975,0,0,0,0,0,0,0.015101463,0,0,0,0.002831524,0,0,70.07267579,22.68145352,0,0,0,0.011326097,0.004719207,0,0,0,0,0.028315243,0.279377065,6.50684285,0.193487494,0,0
G2ED2,ABX,ABX,Day 2,0,44.34835461,0.871754797,0,0,0,0,0,0.018233915,0.001736563,0.007814535,0,0.011287662,0,0,3.955023009,6.545975514,0,0.003473127,0.002604845,1.728748806,0,0.001736563,0,0,0,0.719805505,4.576712686,37.14682643,0.059911435,0,0
G2ED6,ABX,ABX,Day 6,0,9.206540417,0,0,0,0,0,0,0.010629063,0,0,0,0.571312158,0,0.072631933,0.453506705,60.1082393,0,0.014172085,0.279012914,1.268401566,0.019486616,0.017715106,0.041630498,0,0,0.733405375,1.152367624,25.72233343,0.32861521,0,0
G3AD0,IQ146,pfoA+,Day 0,0,1.579082337,0,0,0,0,0,0,0.01282203,0,0,0,0.00197262,0,0,46.43744822,32.81749319,0,0.092713142,0,0.235728094,0.00591786,0,0,0,0,0.02071251,0.00295893,18.76257545,0.030575611,0,0
G3AD2,IQ146,pfoA+,Day 2,0,48.35453638,0.011581498,0,0,0,0,0,0.006236191,0,0,0,0.001781769,0,0,14.06528401,21.483679,0,0,0,6.729741287,0,0,0,0,0,0,1.461050531,7.886109329,0,0,0
G3AD6,IQ146,pfoA+,Day 6,0,34.24204838,0,0,0,0,0,0,0.008673704,0,0,0,0,0,0,0.128370818,43.80307223,0,0.134442411,0,0.344346046,0.004336852,0.012143186,0.001734741,0,0,0.086737039,0.023419001,20.77091881,0.439756789,0,0
G3BD0,IQ146,pfoA+,Day 0,0,0.522952359,0,0,0,0,0,0,0.030286816,0,0,0,0,0,0,54.33353861,33.59817471,0.002019121,0,0,0.041391982,0.005047803,0,0,0,0,0.01918165,0.021200771,11.42014881,0.006057363,0,0
G3BD2,IQ146,pfoA+,Day 2,0,39.83599606,0.004584317,0,0,0,0,0,0.032090219,0,0,0,0,0,0,12.06534944,31.98821831,0,0.012033832,0.006876476,2.531689092,0,0,0,0,0,0.10945057,5.138446375,8.246613336,0.028651982,0,0
G3BD6,IQ146,pfoA+,Day 6,0,34.38017243,0.017271406,0,0,0,0,0,0.054692785,0,0,0,0.008635703,0,0.002878568,0.8002418,46.62847767,0,0.051814217,0,8.316181868,0.084917745,0.012953554,0.420270873,0,0,1.495415881,5.78016379,1.511248003,0.431785144,0,0.002878568
G3CD0,IQ146,pfoA+,Day 0,0,1.255701205,0,0,0,0,0,0,0.031019151,0,0,0,0,0,0,48.9183507,42.76047471,0,0.002297715,0,0.006893145,0.005744287,0,0,0,0,0.024126007,0,6.872465333,0.122927748,0,0
G3CD2,IQ146,pfoA+,Day 2,0,60.99615591,0,0,0,0,0,0,0,0,0,0,0.038027529,0,0,16.12119208,11.30409623,0,0,0,6.840821725,0,0,0,0,0,0.011573596,0.001653371,4.68647956,0,0,0
G3CD6,IQ146,pfoA+,Day 6,0,22.98502871,0.056398687,0,0,0,0,0,0.01538146,0,0,0,0,0,0,0.235849057,38.12551272,0,0.369155045,0,3.563371616,0.025635767,0.010254307,0.071780148,0,0,2.573831009,5.306603774,26.5073831,0.153814602,0,0
G3DD0,IQ146,pfoA+,Day 0,0,0.568607734,0,0,0,0,0,0,0.006399122,0,0,0,0,0,0,45.21071396,39.11143615,0.001828321,0.002742481,0,0.081360271,0.001828321,0.003656641,0.012798245,0.001828321,0,0.003656641,0,14.96297651,0.030167291,0,0
G3DD2,IQ146,pfoA+,Day 2,0,53.10329195,0,0,0,0,0,0,0.021936559,0,0,0,0,0,0,11.85963527,26.71799822,0,0,0,5.356176604,0.001462437,0,0.001462437,0,0,0.005849749,0.005118531,2.927068252,0,0,0
G3DD6,IQ146,pfoA+,Day 6,0,41.14707228,0,0,0,0,0,0,0.005718207,0,0,0,0,0,0,0.04231473,25.2516011,0,0.013723696,0,2.198078683,0.005718207,0.003430924,0,0,0,0.529505947,0.251601098,30.37511436,0.176120769,0,0
G3ED0,IQ146,pfoA+,Day 0,0,1.661185597,0.002108104,0,0,0,0,0,0,0,0,0,0.003162155,0,0,52.84593979,19.87730837,0,0.004216207,0,0.003162155,0.051648537,0,0,0,0,0.079053883,0,25.25613458,0.216080614,0,0
G3ED2,IQ146,pfoA+,Day 2,0,1.173778171,0,0,0,0,0,0,0,0,0,0,0.036652631,0,0,52.27022823,20.15358347,0,0.012515533,0,8.262933462,0,0,0.093866495,0,0,0.023243132,0.001787933,17.96068335,0.010727599,0,0
G3ED6,IQ146,pfoA+,Day 6,0,39.27233187,0,0,0,0,0,0,0.032073095,0,0,0,0,0,0,0.972362379,25.96512638,0.001564541,0.015645412,0,0.608606541,0,0.003129082,0,0,0,0.059452567,0.122816487,32.85927734,0.087614309,0,0
G4AD0,IQ129,pfoA+,Day 0,0,0.371949036,0,0,0,0,0,0,0.003465364,0,0,0,0.050825334,0,0,80.63901306,17.92401613,0,0.152476002,0.006930727,0.015016576,0,0,0,0,0,0.157096487,0.289935429,0,0.389275855,0,0
G4AD2,IQ129,pfoA+,Day 2,0,57.74849386,0,0,0,0,0,0,0.005563592,0,0,0,0.067557901,0,0.096965458,8.864391423,27.58031442,0,0,0,5.513519528,0,0,0,0,0,0.109682239,0,0.01351158,0,0,0
G4BD0,IQ129,pfoA+,Day 0,0,1.540013189,0,0,0,0,0,0,0,0,0,0,0.002586084,0,0,51.83288723,45.55128852,0,0,0,0.651693239,0.002586084,0,0,0,0,0.007758253,0,0.002586084,0.408601316,0,0
G4BD2,IQ129,pfoA+,Day 2,0,47.91494653,0.057311044,0,0,0,0,0,0.001942747,0,0,0,0,0,0,25.16926185,18.43181443,0.004856868,0,0,8.392668072,0,0,0,0,0,0.027198461,0,0,0,0,0
G4BD6,IQ129,pfoA+,Day 6,0,54.28440375,0.001730897,0,0,0,0,0,0,0,0,0,0.049330575,0,0,5.408188876,25.04435425,0,0.011250833,0,4.611976079,0,0,0.069235895,0,0,0.259634608,0.175686084,8.413026734,1.351830857,0.319350567,0
G4CD0,IQ129,pfoA+,Day 0,0,0.641164536,0,0,0,0,0.001969784,0,0,0,0,0,0,0,0,51.09815431,46.85721039,0,0,0,0.03348632,0,0,0,0,0,0.233419347,0,0,1.134595308,0,0
G4CD2,IQ129,pfoA+,Day 2,0,54.40927118,0,0,0,0,0,0,0.001436947,0,0,0,0,0,0,14.04759168,26.18404414,0,0,0,5.32963559,0,0,0.002873894,0,0,0.025146569,0,0,0,0,0
G4CD6,IQ129,pfoA+,Day 6,0,47.90848673,0.042493159,0,0,0,0,0,0.006798905,0,0,0,0.057790696,0,0,1.483861098,29.41376438,0,0.040793432,0.003399453,3.018713987,0,0.005099179,0,0,0,3.594921218,1.171111451,12.08845376,0.185270172,0.979042374,0
G4DD0,IQ129,pfoA+,Day 0,0,0.678510122,0,0,0,0,0,0,0,0,0,0,0,0.002031467,0.003047201,51.62974475,45.00512946,0,0,0,0.135092584,0,0,0,0,0,0.006094402,0,0,2.540350022,0,0
G4DD2,IQ129,pfoA+,Day 2,0,46.57118624,0,0,0,0,0,0,7.414098648,0,0,0,0,0,0,10.14680632,30.71899932,0,0.006895553,0,5.113052592,0,0,0.005516442,0,0,0.011032885,0,0.011032885,0.001379111,0,0
G4DD6,IQ129,pfoA+,Day 6,0,27.77313893,0.066371208,0,0,0,0,0,0.010705034,0,0,0,0.041749631,0,0.01284604,0.566296273,59.81758623,0.002141007,0.010705034,0,0.621962447,0.020339564,0.00321151,0,0,0,1.45695506,1.04802278,7.228038624,1.049093284,0.270837348,0
G4ED0,IQ129,pfoA+,Day 0,0,7.722504343,0.006681812,0,0,0,0,0,0.021715889,0,0,0,0,0,0,57.1478685,31.58826674,0,0,0,0.068488574,0.015034077,0,0,0,0,0.188761192,0.003340906,0,3.237337966,0,0
G4ED2,IQ129,pfoA+,Day 2,0,56.05816486,0,0,0,0,0,0,8.144213876,0,0,0,0,0,0,11.23381723,18.97644744,0,0,0,5.54363579,0,0,0,0,0,0.043720802,0,0,0,0,0
G4ED6,IQ129,pfoA+,Day 6,0,41.76776905,0.010962909,0,0,0,0,0,0.010962909,0,0,0,0.031975151,0,0,1.076192216,23.86351179,0,0,0.001827151,3.125342591,0,0,0.016444363,0,0,0.475972958,0.35994884,27.5488763,1.532980084,0.177233693,0
G5AD0,LH115,pfoA+,Day 0,0,0.220865272,0,0,0,0,0,0,0,0,0,0,0,0,0,53.6629531,45.30011693,0,0.002436014,0,0.748668312,0,0,0,0,0,0.002436014,0,0,0.06252436,0,0
G5AD2,LH115,pfoA+,Day 2,0,59.84034668,0,0,0,0,0,0,0,0,0,0,0,0,0,19.07857224,15.43505531,0,0.007982666,0.020526856,5.600410537,0,0,0,0,0,0.014824952,0.002280762,0,0,0,0
G5AD6,LH115,pfoA+,Day 6,0,57.44517869,0.021448488,0,0,0,0,0,0.317641892,0,0,0,0.069452246,0,0,1.610679304,38.92287737,0,0.014298992,0,0.852832732,0.00306407,0.004085426,0,0,0,0.185886895,0,0.063324107,0.489229795,0,0
G5BD0,LH115,pfoA+,Day 0,0,1.348094315,0.001474133,0,0,0,0,0,0.002948265,0,0,0,0,0,0,53.46384321,44.70749523,0,0,0,0.338313445,0,0,0,0,0,0.038327449,0,0.002211199,0.097292755,0,0
G5BD2,LH115,pfoA+,Day 2,0,6.910422199,0,0,0,0,0,0,0.006285059,0,0,0,0,0,0,61.94553997,11.11984036,0,0.010998853,0.003142529,19.15214556,0,0,0,0,0,0.807630061,0.014141382,0,0.02985403,0,0
G5BD6,LH115,pfoA+,Day 6,0,62.27403495,0.0157442,0,0,0,0,0,0,0,0,0,0.027194527,0,0,1.425565718,32.83524411,0.010019036,0.051526472,0,0.97470909,0,0,0,0,0,0.729958349,0.037213563,0.555340862,1.063449125,0,0
G5CD0,LH115,pfoA+,Day 0,0,3.093427443,0,0,0.003123097,0,0,0,1.039991255,0,0,0,0.015615484,0,0,55.19136776,38.2782367,0,0.010930839,0,1.03530661,0,0,0,0,0,0.23891691,0.003123097,0,1.089960805,0,0
G5CD2,LH115,pfoA+,Day 2,0,55.90037701,0,0,0,0,0,0,0.031295943,0,0,0,0,0,0,26.06733722,12.85972139,0,0.005094688,0.003639063,5.088865922,0,0,0,0,0,0.002183438,0,0,0.04148532,0,0
G5CD6,LH115,pfoA+,Day 6,0,49.64241507,0.092834548,0,0,0,0,0,0.006876633,0,0,0,0.037821483,0,0,0.240682162,47.92153762,0,0.149566772,0.003438317,0.651560996,0,0.003438317,0,0,0,0.316325127,0.003438317,0.335235869,0.594828772,0,0
G5DD0,LH115,pfoA+,Day 0,0,5.403880617,0,0,0,0,0.003318657,0,0.002212438,0,0,0,0.015487068,0,0,85.35033961,7.75570256,0,0,0,1.355118476,0,0,0,0,0,0.003318657,0.002212438,0,0.108409478,0,0
G5DD2,LH115,pfoA+,Day 2,0,64.40891673,0,0,0,0,0,0,0.00295517,0,0.001970113,0,0,0,0,22.67206478,3.680171794,0,0,0,9.209294995,0.003940227,0.003940227,0.001970113,0,0,0.003940227,0.00591034,0.004925283,0,0,0
G5DD6,LH115,pfoA+,Day 6,0,76.11720526,0.016800079,0,0,0,0,0,0.00592944,0,0,0,0.016800079,0,0.00296472,0.500049412,21.5041012,0.00197648,0.00790592,0,0.310307343,0,0,0,0,0,0.168000791,0.00691768,0.603814606,0.737226999,0,0
G5ED0,LH115,pfoA+,Day 0,0,0.84482943,0,0,0,0,0,0,0,0,0,0,0,0,0.002673511,63.69906962,33.72767618,0,0,0.006683777,0.653673404,0,0.004010266,0,0,0,0.004010266,0.008020533,0,1.04935301,0,0
G5ED2,LH115,pfoA+,Day 2,0,58.87829658,0,0,0,0,0.001649321,0,0.001649321,0,0,0,0.006597285,0,0,14.33260213,18.50208639,0.002473982,0,0,8.243307879,0,0,0,0,0,0.021441177,0.004947964,0,0.004947964,0,0
G5ED6,LH115,pfoA+,Day 6,0,29.83004668,0.07593184,0,0,0,0,0,0.044665788,0,0,0,0.008933158,0,0,2.4677848,64.70956071,0.024566184,0.006699868,0,1.681666927,0.008933158,0,0,0,0,0.232262099,0,0.209929205,0.699019586,0,0
G6AD0,IQ147,pfoA-,Day 0,0,0.087319956,0,0,0,0,0,0,0,0,0,0,0.005086599,0,0.008477666,64.5921819,22.67351662,0,0,0,0.011020965,0.015259798,0,0.001695533,0,0,0.050865994,0.001695533,12.51896878,0.033910662,0,0
G6AD2,IQ147,pfoA-,Day 2,0,39.44486295,0,0,0,0,0,0,0.05910645,0,0,0,0.00115895,0,0,8.04890769,13.17146665,0,0.022599525,0.074752274,3.206814626,0.0023179,0,0,0,0,0.278727473,0.0394043,35.64988121,0,0,0
G6AD6,IQ147,pfoA-,Day 6,0,25.37327627,0.19428028,0,0,0,0,0,0.006793017,0,0,0,0.047551117,0,0,1.906120508,42.02975341,0,0.042116704,0.005434413,1.103185925,0.124991509,0.133143129,0.017661844,0,0,0.576047823,0.260851844,28.04157326,0.137218939,0,0
G6BD0,IQ147,pfoA-,Day 0,0,0.25129558,0,0,0,0,0.00208544,0,0,0,0,0,0.025025286,0,0,51.8513498,43.29165928,0,0.003128161,0,0.004170881,0,0,0,0,0,0.016683524,0,4.511850516,0.04275153,0,0
G6BD2,IQ147,pfoA-,Day 2,0,53.02125333,0,0,0,0,0,0,0.001366774,0,0,0,0.007517256,0,0,8.792455409,9.376067792,0,0.004100321,0.009567416,3.540627349,0,0.001366774,0,0,0,0.361511652,3.621266999,21.24034716,0.022551767,0,0
G6BD6,IQ147,pfoA-,Day 6,0,15.66874951,0.792533418,0,0,0,0,0,0.042711382,0,0,0,0.047457091,0,0.007909515,0.416040497,56.4992486,0.011073321,0.006327612,0,6.185240845,0.283160642,0.017400933,0.085422764,0,0,1.496480266,0.672308787,17.46262754,0.305307285,0,0
G6DD0,IQ147,pfoA-,Day 0,0,0.074283555,0,0,0,0,0.002606441,0,0.00130322,0,0,0,0,0,0.009774152,45.13377556,48.14942723,0,0.012380592,0.007167711,0.00195483,0.046915929,0,0,0,0,0.095786689,0.028670846,6.415101716,0.020851524,0,0
G6DD2,IQ147,pfoA-,Day 2,0,29.31354633,0,0,0,0,0,0,0.007368545,0,0,0,0.001473709,0,0,5.457881396,13.80128507,0.002210564,0.013263381,0.009579109,4.854397548,0.005894836,0.011052818,0,0,0,0.103896487,0.024316199,46.39162344,0.002210564,0,0
G6DD6,IQ147,pfoA-,Day 6,0,19.40737218,0.082758621,0,0,0,0,0,0.001902497,0,0,0,0.010463734,0,0,0.04470868,61.83781213,0.001902497,0.00665874,0,3.750772889,0.118906064,0.00665874,0,0,0,1.105350773,0.374791914,13.04256837,0.207372176,0,0
G6ED0,IQ147,pfoA-,Day 0,0,0.377485276,0,0,0,0,0,0,0.001976363,0,0,0,0.002964544,0,0,51.64038104,45.62927388,0,0,0,0.007905451,0.034586347,0,0,0,0,0.024704534,0,2.257006206,0.023716352,0,0
G6ED2,IQ147,pfoA-,Day 2,0,44.66142223,0.040379273,0,0,0,0,0,0.018973393,0,0,0,0,0,0,5.015300339,14.60464799,0,0.006324464,0.008270454,2.747250074,0,0.000972995,0.002918984,0,0,0.37217041,0.019946388,32.49558504,0.005837967,0,0
G6ED6,IQ147,pfoA-,Day 6,0,28.18979266,0.746701464,0,0,0,0,0,0.108742932,0,0,0,0.047121937,0,0,0.587211831,45.02319849,0.068870523,0.03262288,0.010874293,9.935479194,0.786573873,0.043497173,0.699579527,0,0,3.381905176,2.479338843,7.735247209,0.123241989,0,0
G7AD0,IQ133,pfoA-,Day 0,0,0.180117367,0,0,0,0,0,0,0,0,0,0,0.026146069,0,0,53.54327659,41.10839967,0,0,0,0.012588848,0,0.211105301,0,0,0,0.080374954,0.002905119,4.791509306,0.043576782,0,0
G7AD2,IQ133,pfoA-,Day 2,0,47.98529229,0,0,0,0,0,0,0,0,0,0,0.001382304,0,0,8.595164701,17.02445295,0,0.004146911,0.043542568,2.706550737,0.003455759,0,0.01105843,0,0,0.098143566,1.540577527,21.95513042,0.031101834,0,0
G7AD6,IQ133,pfoA-,Day 6,0,43.72168392,0,0,0,0,0,0,0.023148914,0,0,0,0.013227951,0,0.006613975,0.12676786,28.46654982,0.018739597,0.002204658,0.253535721,11.23824641,0.003306988,0.009920963,0.116846897,0,0,2.71944619,3.972794515,9.216574622,0.090390996,0,0
G7BD0,IQ133,pfoA-,Day 0,0,0.446756049,0.002366293,0,0,0,0,0,0.031235063,0,0,0,0.015617531,0,0,19.33545038,79.21779831,0,0,0,0,0,0,0,0,0,0.026975736,0.001419776,0.900137718,0.022243151,0,0
G7BD2,IQ133,pfoA-,Day 2,0,43.54137373,0,0,0,0,0,0,0,0,0,0,0,0,0,7.451170375,25.58282426,0.007089601,0.0023632,0,2.929186705,0,0,0,0,0,0.005317201,0.586073661,19.88987487,0.0047264,0,0
G7BD6,IQ133,pfoA-,Day 6,0,54.67250428,0,0,0,0,0,0,0.052190554,0,0,0,0.008698426,0,0,0.179767462,23.89312534,0,0.013047638,0.040592653,5.000144974,0.007248688,0.008698426,0,0,0,2.944417061,2.292035142,10.87303198,0.014497376,0,0
G7CD0,IQ133,pfoA-,Day 0,0,2.373035541,0.01176323,0,0,0,0,0,0.001568431,0,0,0,0.077637316,0,0,20.32058722,55.67693466,0,0.001568431,0,0.272906929,0,0,0.001568431,0,0,0.002352646,0.036073904,21.19890837,0.02509489,0,0
G7CD2,IQ133,pfoA-,Day 2,0,45.43271235,0,0,0,0,0,0,0.001667806,0,0,0,0.020847579,0,0,22.31107924,22.25270602,0.00250171,0,0.001667806,5.658032989,0.010006838,0.001667806,0,0,0,0.119248153,0.170116246,4.017745459,0,0,0
G7CD6,IQ133,pfoA-,Day 6,0,36.96790923,0,0,0,0,0,0,0.002972055,0,0,0,0.022290414,0,0.001486028,0.458439522,28.15056432,0,0.001486028,0.232563323,2.148795946,0.002229041,0.008916166,0.002972055,0,0,0.919108086,1.231916901,29.84686485,0.001486028,0,0
G7DD0,IQ133,pfoA-,Day 0,0,1.431784409,0,0,0,0,0,0,0.018073015,0,0,0,0,0,0,39.42829029,47.45772923,0,0.003012169,0,0.065263665,0.002008113,0,0,0,0,0.013052733,0.045182537,11.53158761,0.004016226,0,0
G7DD2,IQ133,pfoA-,Day 2,0,46.53058525,0,0,0,0,0,0,0.00330696,0,0,0,0.00165348,0,0,13.43866002,8.258306671,0,0.093421629,0.00248022,3.110196185,0,0,0,0,0,0.013227841,0.009920881,28.49607712,0.042163744,0,0
G7DD6,IQ133,pfoA-,Day 6,0,34.41669356,0,0,0,0,0,0,0.029123997,0,0,0,0.011019891,0,0,0.296749919,19.37611675,0.00157427,0.007871351,0,0.522657683,0.002361405,0.018104106,0,0,0,0.171595444,0.107050369,44.95407067,0.085010587,0,0
G7ED0,IQ133,pfoA-,Day 0,0,0.262264214,0,0,0,0,0,0,0,0,0,0,0.030261256,0,0,33.13607478,59.6718335,0,0,0,0,0,0,0,0,0,0.129450926,0.119363841,6.586866615,0.063884873,0,0
G7ED2,IQ133,pfoA-,Day 2,0,34.20726107,0,0,0,0,0,0,0.029005592,0,0,0,0,0,0,4.537763669,22.89669175,0,0.014502796,0.003222844,1.759672559,0.029005592,0.003222844,0,0,0,0.172422128,5.577130702,30.75559566,0.014502796,0,0
G7ED6,IQ133,pfoA-,Day 6,0,57.9766537,0.004061639,0,0,0,0,0,0.002436984,0,0,0,0.004873967,0,0,0.29243804,23.16759137,0,0.061736919,0,4.376822661,0,0,0.009747935,0,0,2.35006458,3.348415554,8.377537509,0.027619148,0,0
G8AD0,LH043,pfoA-,Day 0,0,5.043265181,0,0,0,0,0,0,0,0,0,0,0.003828777,0,0,34.87020446,35.16195727,0,0.006891799,0,0.097250938,0.002297266,0,0,0,0,0.014549353,0.001531511,24.75840417,0.039819282,0,0
G8AD2,LH043,pfoA-,Day 2,0,47.16384449,0,0,0,0,0,0,0,0,0,0,0.01558939,0,0,16.58339953,22.70631816,0.001484704,0,0.002969408,4.290051742,0.039344652,0,0,0,0,0.040087004,0.043056411,9.113854514,0,0,0
G8AD6,LH043,pfoA-,Day 6,0,37.63150994,0.015733991,0,0,0,0,0,0.013636125,0,0,0,0.02727225,0,0.009440394,0.323071275,29.18445482,0.006293596,0.031467981,0,6.019824828,0.002097865,0.116431531,0.014685058,0,0,0.912571459,1.765353753,23.84433839,0.081816751,0,0
G8BD0,LH043,pfoA-,Day 0,0,1.763067152,0,0,0,0,0,0,0,0,0,0,0.007792562,0,0,57.32403421,23.75172897,0,0.017533264,0,0.31170248,0,0.00194814,0,0,0,0.006818492,0,16.61081997,0.204554752,0,0
G8BD2,LH043,pfoA-,Day 2,0,45.98283707,0,0,0,0,0,0,0.007199217,0,0,0,0.007919138,0,0,17.43866267,15.74180729,0,0,0,7.754276335,0,0.001439843,0.001439843,0,0,0.002159765,0.002159765,13.06009906,0,0,0
G8BD6,LH043,pfoA-,Day 6,0,39.3185094,0.086643886,0,0,0,0,0,0.002429268,0,0.001619512,0,0.080165838,0,0,1.201677814,47.16666397,0,0.004858536,0.001619512,0.989521758,0.052634136,0,0,0,0,0.144946313,0.187053622,10.70011499,0.061541451,0,0
G8CD0,LH043,pfoA-,Day 0,0,1.983550664,0,0,0,0,0,0,0,0,0,0,0,0,0,24.36334547,48.49991069,0,0,0,0.500935857,0,0.001553289,0,0,0,0.063684869,0,24.45964942,0.127369737,0,0
G8CD2,LH043,pfoA-,Day 2,0,51.6675946,0,0,0,0,0,0,0,0,0,0,0.007184037,0,0,24.35927369,14.66531367,0,0,0,7.83329442,0,0.007184037,0,0,0,0.002694014,0,1.457461521,0,0,0
G8CD6,LH043,pfoA-,Day 6,0,49.2007061,0.003284207,0,0,0,0,0,0.018063139,0,0,0,0.164210353,0,0,2.865470668,20.2093682,0.001642104,0.028736812,0.002463155,1.369514348,0.001642104,0.010673673,0.001642104,0,0,0.109199885,0.195410321,25.34668911,0.471283714,0,0
G8DD0,LH043,pfoA-,Day 0,0,1.489617461,0,0,0,0,0,0,0.00235699,0,0,0,0.00235699,0,0,55.35861598,28.8601598,0,0,0,0.023569897,0,0,0,0,0,0.004713979,0,13.79310345,0.465505456,0,0
G8DD2,LH043,pfoA-,Day 2,0,44.53941515,0,0,0,0.003325823,0,0,0,0,0,0,0.003325823,0,0,11.98293853,19.97073276,0.004157278,0.001662911,0.001662911,3.701640462,0,0.033258225,0,0,0,0.008314556,0.023280758,19.51509508,0.21118973,0,0
G8DD6,LH043,pfoA-,Day 6,0,31.28407559,0.006839544,0,0,0.001954156,0,0,0.005862467,0,0,0,0.029312333,0,0.001954156,0.184667696,53.02112442,0.020518633,0.020518633,0,2.564829109,0.004885389,0.011724933,0,0,0,0.869599203,1.855470658,9.644734528,0.471928556,0,0
G8ED0,LH043,pfoA-,Day 0,0,2.737389088,0.00196088,0,0,0,0,0,0,0,0,0,0,0,0.007843522,32.77709692,42.41678514,0,0.00196088,0,0.061767734,0,0,0,0,0,0.006863082,0.00196088,21.94323251,0.04313937,0,0
G8ED2,LH043,pfoA-,Day 2,0,51.57824252,0.024915521,0,0,0,0,0,0.024915521,0,0,0,0.01090054,0,0,22.48781475,12.38612828,0,0.017129421,0,9.623619914,0.00311444,0.00311444,0,0,0,0.042044941,0.115234284,3.68282542,0,0,0
G8ED6,LH043,pfoA-,Day 6,0,53.00069409,0.008586701,0,0,0,0,0,0.001431117,0,0,0,0.058675788,0,0,0.976021638,27.00946684,0,0.045080178,0,1.756695838,0.002862234,0.005008909,0.001431117,0,0,0.337028,0.661175949,15.53047921,0.605362395,0,0